DATE,CSUSHPISA,Year,Month,Crude oil (WTISPLC),COMPUTSA(Construction materials cost),Value(Consumer Confidence),CUUR0000SEHA(Price to Rent),Q4TR771BIS(Real Estate Market Index, GDP, Per Capita, Growth Rate,RSAHORUSQ156S(US national home ownership),BOGZ1FL513178005Q(US Property Tax), GDP Growth (%), Annual Change,GDP Per Capita(US $),Annual Growth Rate,Inflation Rate(%),Annual Change(Inflation Rate),Poverty Rate % Under US $5.50 Per Day,Change(Poverty Rate), Population, Annual Growth Rate(Population),Unemployement Rate %,Annual Change(US unemployment rate)
2000-12-31,109.493,2000.5,6.5,29.02,1488.5,101.3706,187.89999999999998,-1.3265,10439.025,36819.61992,2.49,67.57499999999999,12105.0,4.0772,-0.72,36329.9561,5.26,3.3769,1.19,1.5,0.0,282398554.0,1.15,3.99,-0.23
2001-01-01,109.846,2001.0,1.0,29.58,1456.0,101.1055,188.2,-1.3265,10439.025,36819.61992,2.49,67.6,12919.0,3.8369769230769233,-0.9046153846153846,36329.9561,5.26,3.3769,1.19,1.5,0.0,282634857.0,1.1453846153846152,3.99,-0.23
2001-02-01,110.499,2001.0,2.0,29.61,1536.0,100.7179,188.9,-1.3265,10439.025,36819.61992,2.49,67.66666666666666,12595.333333333334,3.5967538461538466,-1.0892307692307692,36329.9561,5.26,3.3769,1.19,1.5,0.0,282871160.0,1.1407692307692308,3.99,-0.23
2001-03-01,111.108,2001.0,3.0,27.24,1470.0,100.5507,189.6,-1.3265,10472.879,36854.40354,-1.14,67.73333333333333,12271.666666666666,3.3565307692307695,-1.2738461538461539,36329.9561,5.26,3.3769,1.19,1.5,0.0,283107463.0,1.136153846153846,3.99,-0.23
2001-04-01,111.651,2001.0,4.0,27.41,1574.0,100.5172,190.2,-1.3265,10472.879,36854.40354,-1.14,67.8,11948.0,3.1163076923076924,-1.4584615384615387,36329.9561,5.26,3.3769,1.19,1.5,0.0,283343766.0,1.1315384615384616,3.99,-0.23
2001-05-01,112.163,2001.0,5.0,28.64,1497.0,100.6418,191.0,-1.3265,10472.879,36854.40354,-1.14,67.83333333333333,11936.0,2.876084615384616,-1.643076923076923,36329.9561,5.26,3.3769,1.19,1.5,0.0,283580069.0,1.126923076923077,3.99,-0.23
2001-06-01,112.796,2001.0,6.0,27.6,1654.0,100.7219,191.6,-1.3265,10597.822,37206.4893,2.34,67.86666666666667,11924.0,2.6358615384615387,-1.827692307692308,36329.9561,5.26,3.3769,1.19,1.5,0.0,283816372.0,1.1223076923076922,3.99,-0.23
2001-07-01,113.491,2001.0,7.0,26.45,1582.0,100.6347,192.3,-1.3265,10597.822,37206.4893,2.34,67.9,11912.0,2.3956384615384616,-2.012307692307693,36329.9561,5.26,3.3769,1.19,1.5,0.0,284052675.0,1.1176923076923078,3.99,-0.23
2001-08-01,114.167,2001.0,8.0,27.47,1615.0,100.329,193.1,-1.3265,10597.822,37206.4893,2.34,67.9,11701.0,2.1554153846153845,-2.196923076923077,36329.9561,5.26,3.3769,1.19,1.5,0.0,284288978.0,1.113076923076923,3.99,-0.23
2001-09-01,114.811,2001.0,9.0,25.88,1551.0,99.8886,193.9,-1.3265,10596.294,37103.9484,-1.66,67.9,11490.0,1.9151923076923079,-2.3815384615384616,36329.9561,5.26,3.3769,1.19,1.5,0.0,284525281.0,1.1084615384615384,3.99,-0.23
2001-10-01,115.309,2001.0,10.0,22.21,1599.0,99.72982,194.7,-1.3265,10596.294,37103.9484,-1.66,67.9,11279.0,1.6749692307692308,-2.5661538461538465,36329.9561,5.26,3.3769,1.19,1.5,0.0,284761584.0,1.103846153846154,3.99,-0.23
2001-11-01,115.857,2001.0,11.0,19.67,1555.0,99.87959,195.5,-1.3265,10596.294,37103.9484,-1.66,67.9,11141.0,1.4347461538461537,-2.7507692307692313,36329.9561,5.26,3.3769,1.19,1.5,0.0,284997887.0,1.0992307692307692,3.99,-0.23
2001-12-01,116.456,2001.0,12.0,19.33,1693.0,100.242,196.4,-1.3265,10660.294,37233.26732,1.09,67.9,11003.0,1.194523076923077,-2.935384615384616,36329.9561,5.26,3.3769,1.19,1.5,0.0,285234190.0,1.0946153846153848,3.99,-0.23
2001-12-31,116.7995,2001.5,6.5,19.5,1662.5,100.41725,196.7,-1.3265,10660.294,37233.26732,1.09,67.9,10865.0,0.9543,-3.12,37133.6231,2.21,2.8262,-0.55,1.7,0.2,285470493.0,1.09,4.73,0.74
2002-01-01,117.143,2002.0,1.0,19.67,1632.0,100.5925,197.0,-1.3265,10660.294,37233.26732,1.09,67.9,10727.0,1.011346153846154,-2.8230769230769233,37133.6231,2.21,2.8262,-0.55,1.7,0.2,285692012.9230769,1.083846153846154,4.73,0.74
2002-02-01,117.845,2002.0,2.0,20.74,1671.0,100.8024,197.7,-1.3265,10660.294,37233.26732,1.09,67.86666666666667,10262.0,1.0683923076923076,-2.5261538461538464,37133.6231,2.21,2.8262,-0.55,1.7,0.2,285913532.84615386,1.0776923076923077,4.73,0.74
2002-03-01,118.686,2002.0,3.0,24.42,1559.0,100.9923,198.2,-1.3265,10788.952,37600.68308,3.5,67.83333333333333,9797.0,1.1254384615384616,-2.229230769230769,37133.6231,2.21,2.8262,-0.55,1.7,0.2,286135052.7692308,1.0715384615384616,4.73,0.74
2002-04-01,119.61,2002.0,4.0,26.27,1625.0,101.0458,198.5,-1.3265,10788.952,37600.68308,3.5,67.8,9332.0,1.1824846153846154,-1.9323076923076923,37133.6231,2.21,2.8262,-0.55,1.7,0.2,286356572.6923077,1.0653846153846154,4.73,0.74
2002-05-01,120.724,2002.0,5.0,27.02,1705.0,101.0194,198.8,-1.3265,10788.952,37600.68308,3.5,67.83333333333333,9293.333333333334,1.2395307692307693,-1.6353846153846154,37133.6231,2.21,2.8262,-0.55,1.7,0.2,286578092.61538464,1.0592307692307692,4.73,0.74
2002-06-01,121.812,2002.0,6.0,25.52,1589.0,100.7652,199.3,-1.3265,10893.207,37879.66576,2.42,67.86666666666667,9254.666666666666,1.296576923076923,-1.3384615384615384,37133.6231,2.21,2.8262,-0.55,1.7,0.2,286799612.53846157,1.053076923076923,4.73,0.74
2002-07-01,122.887,2002.0,7.0,26.94,1615.0,100.4249,199.8,-1.3265,10893.207,37879.66576,2.42,67.9,9216.0,1.353623076923077,-1.0415384615384613,37133.6231,2.21,2.8262,-0.55,1.7,0.2,287021132.46153843,1.046923076923077,4.73,0.74
2002-08-01,123.83,2002.0,8.0,28.38,1722.0,100.1445,200.2,-1.3265,10893.207,37879.66576,2.42,68.0,9510.0,1.4106692307692308,-0.7446153846153845,37133.6231,2.21,2.8262,-0.55,1.7,0.2,287242652.38461536,1.040769230769231,4.73,0.74
2002-09-01,124.779,2002.0,9.0,29.67,1641.0,99.89917,200.7,-1.3265,10992.051,38126.73125,1.78,68.10000000000001,9804.0,1.4677153846153845,-0.4476923076923076,37133.6231,2.21,2.8262,-0.55,1.7,0.2,287464172.3076923,1.0346153846153847,4.73,0.74
2002-10-01,125.734,2002.0,10.0,28.85,1601.0,99.71397,201.3,-1.3265,10992.051,38126.73125,1.78,68.2,10098.0,1.5247615384615385,-0.15076923076923077,37133.6231,2.21,2.8262,-0.55,1.7,0.2,287685692.2307692,1.0284615384615385,4.73,0.74
2002-11-01,126.669,2002.0,11.0,26.27,1718.0,99.72923,202.0,-1.3265,10992.051,38126.73125,1.78,68.175,9613.5,1.5818076923076925,0.14615384615384652,37133.6231,2.21,2.8262,-0.55,1.7,0.2,287907212.15384614,1.0223076923076924,4.73,0.74
2002-12-01,127.623,2002.0,12.0,29.42,1671.0,99.72665,202.5,-1.3265,11071.463,38308.63266,0.62,68.15,9129.0,1.6388538461538462,0.44307692307692337,37133.6231,2.21,2.8262,-0.55,1.7,0.2,288128732.0769231,1.0161538461538462,4.73,0.74
2002-12-31,128.0415,2002.5,6.5,31.18,1662.5,99.63609,202.9,-1.3265,11071.463,38308.63266,0.62,68.125,8644.5,1.6959,0.74,37997.7597,2.33,1.586,-1.24,1.7,0.0,288350252.0,1.01,5.78,1.05
2003-01-01,128.46,2003.0,1.0,32.94,1654.0,99.54553,203.3,-1.3265,11071.463,38308.63266,0.62,68.1,8160.0,1.7805384615384614,0.7676923076923077,37997.7597,2.33,1.586,-1.24,1.7,0.0,288562526.46153843,1.0061538461538462,5.78,1.05
2003-02-01,129.355,2003.0,2.0,35.87,1688.0,99.38489,203.7,-1.3265,11071.463,38308.63266,0.62,68.13333333333333,8205.0,1.865176923076923,0.7953846153846154,37997.7597,2.33,1.586,-1.24,1.7,0.0,288774800.9230769,1.0023076923076923,5.78,1.05
2003-03-01,130.14700000000002,2003.0,3.0,33.55,1638.0,99.46928,204.1,-1.3265,11183.507,38615.8821,2.22,68.16666666666667,8250.0,1.9498153846153845,0.823076923076923,37997.7597,2.33,1.586,-1.24,1.7,0.0,288987075.38461536,0.9984615384615385,5.78,1.05
2003-04-01,130.884,2003.0,4.0,28.25,1662.0,99.90983,204.5,-1.3265,11183.507,38615.8821,2.22,68.2,8295.0,2.034453846153846,0.8507692307692308,37997.7597,2.33,1.586,-1.24,1.7,0.0,289199349.84615386,0.9946153846153846,5.78,1.05
2003-05-01,131.734,2003.0,5.0,28.14,1733.0,100.3442,204.9,-1.3265,11183.507,38615.8821,2.22,68.23333333333333,8400.0,2.1190923076923074,0.8784615384615385,37997.7597,2.33,1.586,-1.24,1.7,0.0,289411624.3076923,0.9907692307692307,5.78,1.05
2003-06-01,132.649,2003.0,6.0,30.72,1641.0,100.5026,205.1,-1.3265,11312.875,38975.91067,3.44,68.26666666666667,8505.0,2.203730769230769,0.9061538461538462,37997.7597,2.33,1.586,-1.24,1.7,0.0,289623898.7692308,0.9869230769230769,5.78,1.05
2003-07-01,133.77700000000002,2003.0,7.0,30.76,1680.0,100.505,205.6,-1.3265,11312.875,38975.91067,3.44,68.3,8610.0,2.2883692307692307,0.9338461538461539,37997.7597,2.33,1.586,-1.24,1.7,0.0,289836173.2307692,0.9830769230769231,5.78,1.05
2003-08-01,134.968,2003.0,8.0,31.59,1570.0,100.4142,206.1,-1.3265,11312.875,38975.91067,3.44,68.36666666666666,8469.333333333334,2.3730076923076924,0.9615384615384616,37997.7597,2.33,1.586,-1.24,1.7,0.0,290048447.6923077,0.9792307692307692,5.78,1.05
2003-09-01,136.29399999999998,2003.0,9.0,28.29,1719.0,100.3782,206.6,-1.3265,11567.326,39753.81306,6.79,68.43333333333334,8328.666666666666,2.4576461538461536,0.9892307692307694,37997.7597,2.33,1.586,-1.24,1.7,0.0,290260722.15384614,0.9753846153846154,5.78,1.05
2003-10-01,137.532,2003.0,10.0,30.33,1728.0,100.5287,206.9,-1.3265,11567.326,39753.81306,6.79,68.5,8188.0,2.5422846153846153,1.016923076923077,37997.7597,2.33,1.586,-1.24,1.7,0.0,290472996.61538464,0.9715384615384615,5.78,1.05
2003-11-01,138.793,2003.0,11.0,31.09,1692.0,100.8254,207.5,-1.3265,11567.326,39753.81306,6.79,68.55,8620.25,2.6269230769230765,1.0446153846153847,37997.7597,2.33,1.586,-1.24,1.7,0.0,290685271.0769231,0.9676923076923076,5.78,1.05
2003-12-01,140.179,2003.0,12.0,32.15,1716.0,101.1332,207.9,-1.3265,11769.275,40351.47719,4.59,68.6,9052.5,2.711561538461538,1.0723076923076924,37997.7597,2.33,1.586,-1.24,1.7,0.0,290897545.53846157,0.9638461538461538,5.78,1.05
2003-12-31,140.91250000000002,2003.5,6.5,33.21,1712.5,101.27505,208.10000000000002,-1.3265,11769.275,40351.47719,4.59,68.65,9484.75,2.7962,1.1,39490.275,3.93,2.2701,0.68,2.0,0.3,291109820.0,0.96,5.99,0.21
2004-01-01,141.64600000000002,2004.0,1.0,34.27,1709.0,101.4169,208.3,-1.3265,11769.275,40351.47719,4.59,68.7,9917.0,2.8774615384615383,1.0969230769230771,39490.275,3.93,2.2701,0.68,2.0,0.3,291328132.6923077,0.9607692307692307,5.99,0.21
2004-02-01,143.191,2004.0,2.0,34.74,1718.0,101.3015,208.8,-1.3265,11769.275,40351.47719,4.59,68.93333333333334,9697.0,2.958723076923077,1.093846153846154,39490.275,3.93,2.2701,0.68,2.0,0.3,291546445.38461536,0.9615384615384615,5.99,0.21
2004-03-01,145.059,2004.0,3.0,36.76,1794.0,101.1311,209.2,-1.3265,11920.169,40789.39012,2.13,69.16666666666667,9477.0,3.0399846153846153,1.090769230769231,39490.275,3.93,2.2701,0.68,2.0,0.3,291764758.0769231,0.9623076923076923,5.99,0.21
2004-04-01,146.592,2004.0,4.0,36.69,1938.0,100.9574,209.7,-1.3265,11920.169,40789.39012,2.13,69.4,9257.0,3.121246153846154,1.0876923076923077,39490.275,3.93,2.2701,0.68,2.0,0.3,291983070.7692308,0.963076923076923,5.99,0.21
2004-05-01,148.185,2004.0,5.0,40.28,1893.0,100.8778,210.2,-1.3265,11920.169,40789.39012,2.13,69.23333333333333,9167.0,3.2025076923076923,1.0846153846153848,39490.275,3.93,2.2701,0.68,2.0,0.3,292201383.46153843,0.9638461538461538,5.99,0.21
2004-06-01,149.85,2004.0,6.0,38.02,1857.0,101.0178,210.7,-1.3265,12108.987,41345.23944,3.05,69.06666666666668,9077.0,3.2837692307692308,1.0815384615384616,39490.275,3.93,2.2701,0.68,2.0,0.3,292419696.15384614,0.9646153846153845,5.99,0.21
2004-07-01,151.338,2004.0,7.0,40.69,1881.0,101.131,211.2,-1.3265,12108.987,41345.23944,3.05,68.9,8987.0,3.365030769230769,1.0784615384615386,39490.275,3.93,2.2701,0.68,2.0,0.3,292638008.84615386,0.9653846153846154,5.99,0.21
2004-08-01,152.634,2004.0,8.0,44.94,1911.0,101.1059,211.9,-1.3265,12108.987,41345.23944,3.05,68.96666666666667,9339.666666666666,3.4462923076923078,1.0753846153846154,39490.275,3.93,2.2701,0.68,2.0,0.3,292856321.53846157,0.9661538461538461,5.99,0.21
2004-09-01,154.179,2004.0,9.0,45.95,1796.0,100.9852,212.4,-1.3265,12303.34,41904.68081,3.78,69.03333333333333,9692.333333333334,3.527553846153846,1.0723076923076924,39490.275,3.93,2.2701,0.68,2.0,0.3,293074634.2307692,0.9669230769230769,5.99,0.21
2004-10-01,155.75,2004.0,10.0,53.13,1839.0,100.8946,212.8,-1.3265,12303.34,41904.68081,3.78,69.1,10045.0,3.6088153846153848,1.0692307692307692,39490.275,3.93,2.2701,0.68,2.0,0.3,293292946.9230769,0.9676923076923076,5.99,0.21
2004-11-01,157.52700000000002,2004.0,11.0,48.46,1758.0,100.9598,213.2,-1.3265,12303.34,41904.68081,3.78,69.125,9879.75,3.690076923076923,1.0661538461538462,39490.275,3.93,2.2701,0.68,2.0,0.3,293511259.61538464,0.9684615384615385,5.99,0.21
2004-12-01,159.33,2004.0,12.0,43.33,1921.0,101.0976,213.9,-1.3265,12522.425,42544.94894,4.01,69.15,9714.5,3.7713384615384613,1.063076923076923,39490.275,3.93,2.2701,0.68,2.0,0.3,293729572.3076923,0.9692307692307692,5.99,0.21
2004-12-31,160.309,2004.5,6.5,45.085,1906.5,101.09015,214.2,-1.3265,12522.425,42544.94894,4.01,69.175,9549.25,3.8526,1.06,41724.6316,5.66,2.6772,0.41,2.0,0.0,293947885.0,0.97,5.53,-0.46
2005-01-01,161.28799999999998,2005.0,1.0,46.84,1892.0,101.0827,214.5,-1.3265,12522.425,42544.94894,4.01,69.2,9384.0,3.824184615384615,0.9500000000000001,41724.6316,5.66,2.6772,0.41,2.0,0.0,294170560.7692308,0.9707692307692307,5.53,-0.46
2005-02-01,163.344,2005.0,2.0,47.97,1908.0,100.9246,215.0,-1.3265,12522.425,42544.94894,4.01,69.03333333333333,9437.333333333334,3.795769230769231,0.8400000000000001,41724.6316,5.66,2.6772,0.41,2.0,0.0,294393236.53846157,0.9715384615384615,5.53,-0.46
2005-03-01,165.812,2005.0,3.0,54.31,1787.0,100.6916,215.5,-1.3265,12761.337,43265.07593,4.43,68.86666666666667,9490.666666666666,3.767353846153846,0.73,41724.6316,5.66,2.6772,0.41,2.0,0.0,294615912.3076923,0.9723076923076923,5.53,-0.46
2005-04-01,167.50099999999998,2005.0,4.0,53.04,1927.0,100.5002,216.0,-1.3265,12761.337,43265.07593,4.43,68.7,9544.0,3.7389384615384613,0.62,41724.6316,5.66,2.6772,0.41,2.0,0.0,294838588.0769231,0.9730769230769231,5.53,-0.46
2005-05-01,169.35,2005.0,5.0,49.83,2103.0,100.5692,216.4,-1.3265,12761.337,43265.07593,4.43,68.7,9280.666666666666,3.710523076923077,0.51,41724.6316,5.66,2.6772,0.41,2.0,0.0,295061263.84615386,0.9738461538461538,5.53,-0.46
2005-06-01,171.19,2005.0,6.0,56.26,1965.0,100.8233,216.8,-1.3265,12910.022,43675.73109,1.85,68.7,9017.333333333334,3.6821076923076923,0.3999999999999999,41724.6316,5.66,2.6772,0.41,2.0,0.0,295283939.61538464,0.9746153846153846,5.53,-0.46
2005-07-01,172.859,2005.0,7.0,58.7,1886.0,100.7283,217.5,-1.3265,12910.022,43675.73109,1.85,68.7,8754.0,3.6536923076923076,0.2899999999999999,41724.6316,5.66,2.6772,0.41,2.0,0.0,295506615.38461536,0.9753846153846154,5.53,-0.46
2005-08-01,174.44299999999998,2005.0,8.0,64.97,1952.0,100.1278,218.0,-1.3265,12910.022,43675.73109,1.85,68.76666666666667,8644.333333333334,3.625276923076923,0.17999999999999994,41724.6316,5.66,2.6772,0.41,2.0,0.0,295729291.15384614,0.9761538461538461,5.53,-0.46
2005-09-01,176.437,2005.0,9.0,65.57,1922.0,99.39788,218.6,-1.3265,13142.873,44350.65465,3.57,68.83333333333334,8534.666666666666,3.5968615384615386,0.06999999999999995,41724.6316,5.66,2.6772,0.41,2.0,0.0,295951966.9230769,0.9769230769230769,5.53,-0.46
2005-10-01,178.02700000000002,2005.0,10.0,62.37,1962.0,99.161,219.3,-1.3265,13142.873,44350.65465,3.57,68.9,8425.0,3.568446153846154,-0.040000000000000036,41724.6316,5.66,2.6772,0.41,2.0,0.0,296174642.6923077,0.9776923076923076,5.53,-0.46
2005-11-01,179.68,2005.0,11.0,58.3,1907.0,99.55357,220.0,-1.3265,13142.873,44350.65465,3.57,68.825,8528.5,3.540030769230769,-0.15000000000000013,41724.6316,5.66,2.6772,0.41,2.0,0.0,296397318.46153843,0.9784615384615385,5.53,-0.46
2005-12-01,180.91,2005.0,12.0,59.43,1941.0,100.1393,220.5,-1.3265,13332.316,44876.95819,2.53,68.75,8632.0,3.511615384615385,-0.26000000000000023,41724.6316,5.66,2.6772,0.41,2.0,0.0,296619994.2307692,0.9792307692307692,5.53,-0.46
2005-12-31,181.615,2005.5,6.5,62.47,1988.5,100.2715,220.7,-1.3265,13332.316,44876.95819,2.53,68.675,8735.5,3.4832,-0.37,44123.4071,5.75,3.3927,0.72,1.7,-0.3,296842670.0,0.98,5.08,-0.45
2006-01-01,182.32,2006.0,1.0,65.51,2036.0,100.4037,220.9,-1.3265,13332.316,44876.95819,2.53,68.6,8839.0,3.429323076923077,-0.3953846153846154,44123.4071,5.75,3.3927,0.72,1.7,-0.3,297066549.0769231,0.98,5.08,-0.45
2006-02-01,183.287,2006.0,2.0,61.63,2048.0,100.3542,221.6,-1.3265,13332.316,44876.95819,2.53,68.66666666666666,8609.666666666666,3.3754461538461538,-0.4207692307692308,44123.4071,5.75,3.3927,0.72,1.7,-0.3,297290428.15384614,0.98,5.08,-0.45
2006-03-01,184.364,2006.0,3.0,62.9,2245.0,100.2208,222.3,-1.3265,13603.933,45691.26004,5.32,68.73333333333333,8380.333333333334,3.3215692307692306,-0.4461538461538461,44123.4071,5.75,3.3927,0.72,1.7,-0.3,297514307.2307692,0.98,5.08,-0.45
2006-04-01,184.329,2006.0,4.0,69.69,2071.0,99.96539,222.9,-1.3265,13603.933,45691.26004,5.32,68.8,8151.0,3.267692307692308,-0.4715384615384615,44123.4071,5.75,3.3927,0.72,1.7,-0.3,297738186.3076923,0.98,5.08,-0.45
2006-05-01,184.156,2006.0,5.0,70.94,1897.0,99.67908,223.6,-1.3265,13603.933,45691.26004,5.32,68.83333333333333,8316.333333333334,3.2138153846153847,-0.4969230769230769,44123.4071,5.75,3.3927,0.72,1.7,-0.3,297962065.38461536,0.98,5.08,-0.45
2006-06-01,183.507,2006.0,6.0,70.96,2050.0,99.658,224.4,-1.3265,13749.806,46077.20302,0.93,68.86666666666667,8481.666666666666,3.1599384615384616,-0.5223076923076923,44123.4071,5.75,3.3927,0.72,1.7,-0.3,298185944.46153843,0.98,5.08,-0.45
2006-07-01,183.067,2006.0,7.0,74.41,1934.0,99.69471,225.2,-1.3265,13749.806,46077.20302,0.93,68.9,8647.0,3.1060615384615384,-0.5476923076923077,44123.4071,5.75,3.3927,0.72,1.7,-0.3,298409823.53846157,0.98,5.08,-0.45
2006-08-01,182.596,2006.0,8.0,73.05,1877.0,99.79447,226.2,-1.3265,13749.806,46077.20302,0.93,68.86666666666667,9522.0,3.0521846153846153,-0.573076923076923,44123.4071,5.75,3.3927,0.72,1.7,-0.3,298633702.61538464,0.98,5.08,-0.45
2006-09-01,182.798,2006.0,9.0,63.87,2011.0,100.1146,227.1,-1.3265,13867.469,46351.59102,0.62,68.83333333333333,10397.0,2.998307692307692,-0.5984615384615384,44123.4071,5.75,3.3927,0.72,1.7,-0.3,298857581.6923077,0.98,5.08,-0.45
2006-10-01,183.198,2006.0,10.0,58.88,1918.0,100.5409,228.0,-1.3265,13867.469,46351.59102,0.62,68.8,11272.0,2.9444307692307694,-0.6238461538461538,44123.4071,5.75,3.3927,0.72,1.7,-0.3,299081460.7692308,0.98,5.08,-0.45
2006-11-01,183.609,2006.0,11.0,59.37,1893.0,100.7754,228.9,-1.3265,13867.469,46351.59102,0.62,68.725,10937.25,2.8905538461538463,-0.6492307692307692,44123.4071,5.75,3.3927,0.72,1.7,-0.3,299305339.84615386,0.98,5.08,-0.45
2006-12-01,184.138,2006.0,12.0,62.03,1888.0,100.8926,230.0,-1.3265,14037.228,46799.18385,3.41,68.65,10602.5,2.836676923076923,-0.6746153846153846,44123.4071,5.75,3.3927,0.72,1.7,-0.3,299529218.9230769,0.98,5.08,-0.45
2006-12-31,184.327,2006.5,6.5,58.3,1855.0,100.9088,230.40300000000002,-1.3265,14037.228,46799.18385,3.41,68.575,10267.75,2.7828,-0.7,46302.0009,4.94,3.2259,-0.17,2.0,0.3,299753098.0,0.98,4.62,-0.46
2007-01-01,184.516,2007.0,1.0,54.57,1822.0,100.925,230.806,-1.3265,14037.228,46799.18385,3.41,68.5,9933.0,2.7233923076923077,-0.7053846153846154,46302.0009,4.94,3.2259,-0.17,2.0,0.3,299983121.15384614,0.9815384615384615,4.62,-0.46
2007-02-01,184.598,2007.0,2.0,59.26,1640.0,100.6986,231.739,-1.3265,14037.228,46799.18385,3.41,68.43333333333334,9599.0,2.6639846153846154,-0.7107692307692307,46302.0009,4.94,3.2259,-0.17,2.0,0.3,300213144.3076923,0.9830769230769231,4.62,-0.46
2007-03-01,184.149,2007.0,3.0,60.56,1623.0,100.4227,232.495,-1.3265,14208.569,47265.9468,0.94,68.36666666666666,9265.0,2.604576923076923,-0.7161538461538461,46302.0009,4.94,3.2259,-0.17,2.0,0.3,300443167.46153843,0.9846153846153846,4.62,-0.46
2007-04-01,183.01,2007.0,4.0,63.97,1539.0,100.246,232.98,-1.3265,14208.569,47265.9468,0.94,68.3,8931.0,2.545169230769231,-0.7215384615384615,46302.0009,4.94,3.2259,-0.17,2.0,0.3,300673190.61538464,0.9861538461538462,4.62,-0.46
2007-05-01,181.6,2007.0,5.0,63.46,1536.0,100.1848,233.549,-1.3265,14208.569,47265.9468,0.94,68.2,9044.666666666666,2.4857615384615386,-0.7269230769230769,46302.0009,4.94,3.2259,-0.17,2.0,0.3,300903213.7692308,0.9876923076923076,4.62,-0.46
2007-06-01,180.254,2007.0,6.0,67.48,1481.0,100.1435,234.071,-1.3265,14382.363,47736.89609,2.29,68.1,9158.333333333334,2.4263538461538463,-0.7323076923076923,46302.0009,4.94,3.2259,-0.17,2.0,0.3,301133236.9230769,0.9892307692307692,4.62,-0.46
2007-07-01,179.111,2007.0,7.0,74.18,1534.0,100.12,234.732,-1.3265,14382.363,47736.89609,2.29,68.0,9272.0,2.366946153846154,-0.7376923076923076,46302.0009,4.94,3.2259,-0.17,2.0,0.3,301363260.0769231,0.9907692307692307,4.62,-0.46
2007-08-01,178.11700000000002,2007.0,8.0,72.39,1512.0,99.8874,235.311,-1.3265,14382.363,47736.89609,2.29,67.93333333333334,9474.0,2.3075384615384613,-0.7430769230769231,46302.0009,4.94,3.2259,-0.17,2.0,0.3,301593283.2307692,0.9923076923076923,4.62,-0.46
2007-09-01,177.558,2007.0,9.0,79.93,1356.0,99.62845,236.058,-1.3265,14535.003,48119.27022,2.17,67.86666666666666,9676.0,2.248130769230769,-0.7484615384615385,46302.0009,4.94,3.2259,-0.17,2.0,0.3,301823306.38461536,0.9938461538461538,4.62,-0.46
2007-10-01,176.62400000000002,2007.0,10.0,86.2,1405.0,99.32951,237.135,-1.3265,14535.003,48119.27022,2.17,67.8,9878.0,2.1887230769230768,-0.7538461538461538,46302.0009,4.94,3.2259,-0.17,2.0,0.3,302053329.53846157,0.9953846153846154,4.62,-0.46
2007-11-01,175.14700000000002,2007.0,11.0,94.62,1390.0,99.03941,238.169,-1.3265,14535.003,48119.27022,2.17,67.825,9745.75,2.1293153846153845,-0.7592307692307693,46302.0009,4.94,3.2259,-0.17,2.0,0.3,302283352.6923077,0.9969230769230769,4.62,-0.46
2007-12-01,174.342,2007.0,12.0,91.73,1328.0,98.86873,239.102,-1.3265,14681.501,48481.15933,2.43,67.85,9613.5,2.0699076923076922,-0.7646153846153846,46302.0009,4.94,3.2259,-0.17,2.0,0.3,302513375.84615386,0.9984615384615385,4.62,-0.46
2007-12-31,173.73700000000002,2007.5,6.5,92.34,1329.5,98.7867,239.476,-1.3265,14681.501,48481.15933,2.43,67.875,9481.25,2.0105,-0.77,48050.2238,3.78,2.8527,-0.37,1.7,-0.3,302743399.0,1.0,4.62,0.0
2008-01-01,173.132,2008.0,1.0,92.95,1331.0,98.70467,239.85,-1.3265,14681.501,48481.15933,2.43,67.9,9349.0,1.8652461538461538,-0.8561538461538462,48050.2238,3.78,2.8527,-0.37,1.7,-0.3,302970438.3076923,0.9976923076923077,4.62,0.0
2008-02-01,171.54,2008.0,2.0,95.35,1274.0,98.30982,240.325,-1.3265,14681.501,48481.15933,2.43,67.96666666666667,8696.666666666666,1.7199923076923076,-0.9423076923076923,48050.2238,3.78,2.8527,-0.37,1.7,-0.3,303197477.61538464,0.9953846153846154,4.62,0.0
2008-03-01,170.053,2008.0,3.0,105.56,1195.0,97.83379,240.874,-1.3265,14651.039,48274.55897,-2.3,68.03333333333333,8044.333333333333,1.5747384615384616,-1.0284615384615385,48050.2238,3.78,2.8527,-0.37,1.7,-0.3,303424516.9230769,0.9930769230769231,4.62,0.0
2008-04-01,168.338,2008.0,4.0,112.57,1022.0,97.29721,241.474,-1.3265,14651.039,48274.55897,-2.3,68.1,7392.0,1.4294846153846152,-1.1146153846153846,48050.2238,3.78,2.8527,-0.37,1.7,-0.3,303651556.2307692,0.9907692307692307,4.62,0.0
2008-05-01,166.65900000000002,2008.0,5.0,125.39,1142.0,96.91195,241.803,-1.3265,14651.039,48274.55897,-2.3,67.96666666666667,6639.666666666667,1.2842307692307693,-1.2007692307692308,48050.2238,3.78,2.8527,-0.37,1.7,-0.3,303878595.53846157,0.9884615384615385,4.62,0.0
2008-06-01,165.017,2008.0,6.0,133.93,1142.0,96.7908,242.64,-1.3265,14805.611,48677.04826,2.07,67.83333333333333,5887.333333333333,1.138976923076923,-1.286923076923077,48050.2238,3.78,2.8527,-0.37,1.7,-0.3,304105634.84615386,0.9861538461538462,4.62,0.0
2008-07-01,163.566,2008.0,7.0,133.44,1087.0,96.99711,243.367,-1.3265,14805.611,48677.04826,2.07,67.7,5135.0,0.9937230769230769,-1.373076923076923,48050.2238,3.78,2.8527,-0.37,1.7,-0.3,304332674.15384614,0.9838461538461538,4.62,0.0
2008-08-01,161.988,2008.0,8.0,116.61,1017.0,97.25848,244.181,-1.3265,14805.611,48677.04826,2.07,67.63333333333334,5362.0,0.8484692307692308,-1.459230769230769,48050.2238,3.78,2.8527,-0.37,1.7,-0.3,304559713.46153843,0.9815384615384615,4.62,0.0
2008-09-01,160.308,2008.0,9.0,103.9,1160.0,97.33572,244.926,-1.3265,14835.187,48655.59098,-2.17,67.56666666666666,5589.0,0.7032153846153846,-1.5453846153846154,48050.2238,3.78,2.8527,-0.37,1.7,-0.3,304786752.7692308,0.9792307692307692,4.62,0.0
2008-10-01,158.326,2008.0,10.0,76.65,1055.0,96.97723,245.855,-0.6027,14835.187,48655.59098,-2.17,67.5,5816.0,0.5579615384615384,-1.6315384615384616,48050.2238,3.78,2.8527,-0.37,1.7,-0.3,305013792.0769231,0.9769230769230769,4.62,0.0
2008-11-01,156.141,2008.0,11.0,57.44,1076.0,96.71659,246.681,-0.761325,14835.187,48655.59098,-2.17,67.475,5743.25,0.4127076923076922,-1.7176923076923076,48050.2238,3.78,2.8527,-0.37,1.7,-0.3,305240831.38461536,0.9746153846153846,4.62,0.0
2008-12-01,153.618,2008.0,12.0,41.02,1021.0,96.70901,247.278,-0.91995,14559.543,47639.9894,-8.66,67.45,5670.5,0.26745384615384626,-1.8038461538461539,48050.2238,3.78,2.8527,-0.37,1.7,-0.3,305467870.6923077,0.9723076923076923,4.62,0.0
2008-12-31,152.562,2008.5,6.5,41.38,899.0,96.712665,247.62599999999998,-1.078575,14559.543,47639.9894,-8.66,67.42500000000001,5597.75,0.1222,-1.89,48570.046,1.08,3.8391,0.99,2.0,0.3,305694910.0,0.97,5.78,1.16
2009-01-01,151.506,2009.0,1.0,41.74,777.0,96.71632,247.974,-1.2372,14559.543,47639.9894,-8.66,67.4,5525.0,-0.08719230769230768,-1.9538461538461538,48570.046,1.08,3.8391,0.99,2.0,0.3,305911611.9230769,0.9661538461538461,5.78,1.16
2009-02-01,150.014,2009.0,2.0,39.16,819.0,96.68988,248.305,-1.2060666666666666,14559.543,47639.9894,-8.66,67.4,5653.0,-0.29658461538461534,-2.0176923076923075,48570.046,1.08,3.8391,0.99,2.0,0.3,306128313.84615386,0.9623076923076923,5.78,1.16
2009-03-01,148.66,2009.0,3.0,47.98,839.0,96.89498,248.639,-1.1749333333333334,14394.547,47004.59775,-4.49,67.4,5781.0,-0.5059769230769231,-2.0815384615384613,48570.046,1.08,3.8391,0.99,2.0,0.3,306345015.7692308,0.9584615384615385,5.78,1.16
2009-04-01,147.94799999999998,2009.0,4.0,49.79,846.0,97.35013,248.899,-1.1438,14394.547,47004.59775,-4.49,67.4,5909.0,-0.7153692307692308,-2.1453846153846152,48570.046,1.08,3.8391,0.99,2.0,0.3,306561717.6923077,0.9546153846153846,5.78,1.16
2009-05-01,147.695,2009.0,5.0,59.16,818.0,97.74177,249.069,-0.7651333333333332,14394.547,47004.59775,-4.49,67.4,5936.666666666667,-0.9247615384615385,-2.209230769230769,48570.046,1.08,3.8391,0.99,2.0,0.3,306778419.61538464,0.9507692307692308,5.78,1.16
2009-06-01,148.09,2009.0,6.0,69.68,797.0,97.90391,249.092,-0.3864666666666666,14352.85,46772.3697,-0.58,67.4,5964.333333333333,-1.134153846153846,-2.273076923076923,48570.046,1.08,3.8391,0.99,2.0,0.3,306995121.53846157,0.946923076923077,5.78,1.16
2009-07-01,148.409,2009.0,7.0,64.09,797.0,97.85799,248.994,-0.0078,14352.85,46772.3697,-0.58,67.4,5992.0,-1.3435461538461537,-2.336923076923077,48570.046,1.08,3.8391,0.99,2.0,0.3,307211823.46153843,0.943076923076923,5.78,1.16
2009-08-01,148.27700000000002,2009.0,8.0,71.06,792.0,97.90236,249.029,0.5456333333333333,14352.85,46772.3697,-0.58,67.33333333333334,6463.333333333333,-1.5529384615384614,-2.4007692307692308,48570.046,1.08,3.8391,0.99,2.0,0.3,307428525.38461536,0.9392307692307692,5.78,1.16
2009-09-01,148.024,2009.0,9.0,69.46,721.0,98.08298,248.965,1.0990666666666666,14420.312,46884.19335,1.46,67.26666666666667,6934.666666666667,-1.762330769230769,-2.4646153846153847,48570.046,1.08,3.8391,0.99,2.0,0.3,307645227.3076923,0.9353846153846154,5.78,1.16
2009-10-01,147.849,2009.0,10.0,75.82,746.0,98.11309,248.888,1.6525,14420.312,46884.19335,1.46,67.2,7406.0,-1.971723076923077,-2.5284615384615385,48570.046,1.08,3.8391,0.99,2.0,0.3,307861929.2307692,0.9315384615384615,5.78,1.16
2009-11-01,148.134,2009.0,11.0,78.08,844.0,98.12734,248.886,2.3039250000000004,14420.312,46884.19335,1.46,67.2,7289.75,-2.1811153846153846,-2.5923076923076924,48570.046,1.08,3.8391,0.99,2.0,0.3,308078631.15384614,0.9276923076923077,5.78,1.16
2009-12-01,147.929,2009.0,12.0,74.3,750.0,98.30419,248.999,2.95535,14628.021,47449.66833,4.39,67.2,7173.5,-2.3905076923076924,-2.6561538461538463,48570.046,1.08,3.8391,0.99,2.0,0.3,308295333.0769231,0.9238461538461539,5.78,1.16
2009-12-31,147.662,2009.5,6.5,76.25999999999999,719.5,98.386155,249.07150000000001,3.6067750000000007,14628.021,47449.66833,4.39,67.2,7057.25,-2.5999,-2.72,47194.9434,-2.83,-0.3555,-4.19,1.7,-0.3,308512035.0,0.92,9.25,3.47
2010-01-01,147.395,2010.0,1.0,78.22,689.0,98.46812,249.144,4.2582,14628.021,47449.66833,4.39,67.2,6941.0,-2.191530769230769,-2.1023076923076927,47194.9434,-2.83,-0.3555,-4.19,1.7,-0.3,308717481.9230769,0.9161538461538462,9.25,3.47
2010-02-01,145.631,2010.0,2.0,76.42,670.0,98.524,249.017,4.6766000000000005,14628.021,47449.66833,4.39,67.10000000000001,6955.666666666667,-1.7831615384615382,-1.484615384615385,47194.9434,-2.83,-0.3555,-4.19,1.7,-0.3,308922928.84615386,0.9123076923076924,9.25,3.47
2010-03-01,145.859,2010.0,3.0,81.24,635.0,98.52087,249.089,5.095,14721.35,47657.17819,1.54,67.0,6970.333333333333,-1.3747923076923076,-0.8669230769230771,47194.9434,-2.83,-0.3555,-4.19,1.7,-0.3,309128375.7692308,0.9084615384615385,9.25,3.47
2010-04-01,146.404,2010.0,4.0,84.48,737.0,98.50015,249.012,5.5134,14721.35,47657.17819,1.54,66.9,6985.0,-0.9664230769230768,-0.2492307692307696,47194.9434,-2.83,-0.3555,-4.19,1.7,-0.3,309333822.6923077,0.9046153846153846,9.25,3.47
2010-05-01,146.394,2010.0,5.0,73.84,702.0,98.49886,248.925,5.3388,14721.35,47657.17819,1.54,66.83333333333334,7393.666666666667,-0.5580538461538462,0.36846153846153795,47194.9434,-2.83,-0.3555,-4.19,1.7,-0.3,309539269.61538464,0.9007692307692308,9.25,3.47
2010-06-01,145.72,2010.0,6.0,75.35,894.0,98.40247,248.999,5.1642,14926.098,48232.4098,3.69,66.76666666666667,7802.333333333333,-0.14968461538461542,0.9861538461538459,47194.9434,-2.83,-0.3555,-4.19,1.7,-0.3,309744716.53846157,0.8969230769230769,9.25,3.47
2010-07-01,144.99,2010.0,7.0,76.37,572.0,98.11402,249.126,4.9896,14926.098,48232.4098,3.69,66.7,8211.0,0.2586846153846154,1.603846153846153,47194.9434,-2.83,-0.3555,-4.19,1.7,-0.3,309950163.46153843,0.8930769230769231,9.25,3.47
2010-08-01,143.915,2010.0,8.0,76.82,592.0,97.9381,249.024,4.432566666666666,14926.098,48232.4098,3.69,66.63333333333334,8149.0,0.6670538461538462,2.221538461538461,47194.9434,-2.83,-0.3555,-4.19,1.7,-0.3,310155610.38461536,0.8892307692307693,9.25,3.47
2010-09-01,143.018,2010.0,9.0,75.31,632.0,97.88657,249.368,3.8755333333333333,15079.917,48634.06855,2.95,66.56666666666666,8087.0,1.075423076923077,2.839230769230769,47194.9434,-2.83,-0.3555,-4.19,1.7,-0.3,310361057.3076923,0.8853846153846154,9.25,3.47
2010-10-01,142.531,2010.0,10.0,81.9,605.0,97.9864,249.618,3.3185,15079.917,48634.06855,2.95,66.5,8025.0,1.4837923076923074,3.456923076923076,47194.9434,-2.83,-0.3555,-4.19,1.7,-0.3,310566504.2307692,0.8815384615384616,9.25,3.47
2010-11-01,142.172,2010.0,11.0,84.14,552.0,98.24715,250.317,2.570475,15079.917,48634.06855,2.95,66.5,8027.25,1.8921615384615382,4.0746153846153845,47194.9434,-2.83,-0.3555,-4.19,1.7,-0.3,310771951.15384614,0.8776923076923077,9.25,3.47
2010-12-01,142.061,2010.0,12.0,89.04,565.0,98.50134,250.986,1.82245,15240.843,49055.4547,2.01,66.5,8029.5,2.300530769230769,4.692307692307692,47194.9434,-2.83,-0.3555,-4.19,1.7,-0.3,310977398.0769231,0.8738461538461538,9.25,3.47
2010-12-31,141.7915,2010.5,6.5,89.23,542.5,98.556195,251.2705,1.0744250000000002,15240.843,49055.4547,2.01,66.5,8031.75,2.7089,5.31,48650.6431,3.08,1.64,2.0,2.0,0.3,311182845.0,0.87,9.63,0.38
2011-01-01,141.52200000000002,2011.0,1.0,89.42,520.0,98.61105,251.555,0.3264,15240.843,49055.4547,2.01,66.5,8034.0,2.6197461538461537,4.812307692307692,48650.6431,3.08,1.64,2.0,2.0,0.3,311390057.53846157,0.87,9.63,0.38
2011-02-01,140.351,2011.0,2.0,89.58,615.0,98.56134,251.829,0.21953333333333336,15240.843,49055.4547,2.01,66.33333333333333,7981.666666666667,2.5305923076923076,4.314615384615385,48650.6431,3.08,1.64,2.0,2.0,0.3,311597270.0769231,0.87,9.63,0.38
2011-03-01,139.982,2011.0,3.0,102.94,591.0,98.31451,252.145,0.11266666666666669,15285.828,49120.24731,-0.96,66.16666666666667,7929.333333333333,2.4414384615384614,3.816923076923077,48650.6431,3.08,1.64,2.0,2.0,0.3,311804482.61538464,0.87,9.63,0.38
2011-04-01,140.01,2011.0,4.0,110.04,549.0,98.25533,252.221,0.0058,15285.828,49120.24731,-0.96,66.0,7877.0,2.3522846153846153,3.319230769230769,48650.6431,3.08,1.64,2.0,2.0,0.3,312011695.15384614,0.87,9.63,0.38
2011-05-01,139.905,2011.0,5.0,101.33,549.0,98.23941,252.393,-0.1902666666666667,15285.828,49120.24731,-0.96,66.03333333333333,7495.0,2.263130769230769,2.821538461538461,48650.6431,3.08,1.64,2.0,2.0,0.3,312218907.6923077,0.87,9.63,0.38
2011-06-01,139.862,2011.0,6.0,96.29,579.0,97.92808,252.592,-0.3863333333333334,15496.189,49714.27792,2.86,66.06666666666666,7113.0,2.173976923076923,2.3238461538461537,48650.6431,3.08,1.64,2.0,2.0,0.3,312426120.2307692,0.87,9.63,0.38
2011-07-01,139.73,2011.0,7.0,97.19,634.0,97.3435,253.085,-0.5824,15496.189,49714.27792,2.86,66.1,6731.0,2.084823076923077,1.8261538461538462,48650.6431,3.08,1.64,2.0,2.0,0.3,312633332.7692308,0.87,9.63,0.38
2011-08-01,139.308,2011.0,8.0,86.33,614.0,96.84453,254.003,-0.30283333333333334,15496.189,49714.27792,2.86,66.03333333333333,6888.0,1.9956692307692308,1.3284615384615384,48650.6431,3.08,1.64,2.0,2.0,0.3,312840545.3076923,0.87,9.63,0.38
2011-09-01,138.66899999999998,2011.0,9.0,85.61,603.0,96.77646,254.628,-0.023266666666666658,15591.85,49922.99515,-0.11,65.96666666666667,7045.0,1.9065153846153846,0.8307692307692305,48650.6431,3.08,1.64,2.0,2.0,0.3,313047757.84615386,0.87,9.63,0.38
2011-10-01,137.953,2011.0,10.0,86.41,566.0,97.0112,255.651,0.2563,15591.85,49922.99515,-0.11,65.9,7202.0,1.8173615384615385,0.3330769230769226,48650.6431,3.08,1.64,2.0,2.0,0.3,313254970.38461536,0.87,9.63,0.38
2011-11-01,137.153,2011.0,11.0,97.21,585.0,97.4588,256.367,0.823525,15591.85,49922.99515,-0.11,65.825,7409.75,1.7282076923076923,-0.16461538461538439,48650.6431,3.08,1.64,2.0,2.0,0.3,313462182.9230769,0.87,9.63,0.38
2011-12-01,136.675,2011.0,12.0,98.57,610.0,98.01247,257.189,1.39075,15796.46,50481.14842,4.64,65.75,7617.5,1.6390538461538462,-0.6623076923076923,48650.6431,3.08,1.64,2.0,2.0,0.3,313669395.46153843,0.87,9.63,0.38
2011-12-31,136.6415,2011.5,6.5,99.405,577.5,98.24847,257.4515,1.9579749999999998,15796.46,50481.14842,4.64,65.675,7825.25,1.5499,-1.16,50065.9665,2.91,3.1568,1.52,2.0,0.0,313876608.0,0.87,8.95,-0.68
2012-01-01,136.608,2012.0,1.0,100.24,545.0,98.48447,257.714,2.5252,15796.46,50481.14842,4.64,65.6,8033.0,1.6061153846153846,-1.0146153846153845,50065.9665,2.91,3.1568,1.52,2.0,0.0,314090047.46153843,0.8707692307692307,8.95,-0.68
2012-02-01,136.533,2012.0,2.0,102.25,561.0,98.74762,258.184,2.3952999999999998,15796.46,50481.14842,4.64,65.6,8089.666666666667,1.6623307692307692,-0.8692307692307691,50065.9665,2.91,3.1568,1.52,2.0,0.0,314303486.9230769,0.8715384615384615,8.95,-0.68
2012-03-01,137.905,2012.0,3.0,106.19,582.0,98.87443,258.569,2.2654,16019.758,51112.58659,3.13,65.6,8146.333333333333,1.718546153846154,-0.7238461538461538,50065.9665,2.91,3.1568,1.52,2.0,0.0,314516926.38461536,0.8723076923076923,8.95,-0.68
2012-04-01,139.155,2012.0,4.0,103.33,671.0,98.90997,258.922,2.1355,16019.758,51112.58659,3.13,65.6,8203.0,1.7747615384615385,-0.5784615384615384,50065.9665,2.91,3.1568,1.52,2.0,0.0,314730365.84615386,0.8730769230769231,8.95,-0.68
2012-05-01,140.155,2012.0,5.0,94.7,626.0,98.85288,259.231,2.2177333333333333,16019.758,51112.58659,3.13,65.53333333333333,8350.0,1.830976923076923,-0.4330769230769229,50065.9665,2.91,3.1568,1.52,2.0,0.0,314943805.3076923,0.8738461538461538,8.95,-0.68
2012-06-01,141.03,2012.0,6.0,82.41,625.0,98.64385,259.407,2.2999666666666667,16152.257,51451.94296,1.72,65.46666666666667,8497.0,1.8871923076923076,-0.2876923076923076,50065.9665,2.91,3.1568,1.52,2.0,0.0,315157244.7692308,0.8746153846153846,8.95,-0.68
2012-07-01,141.66899999999998,2012.0,7.0,87.93,676.0,98.57019,260.107,2.3822,16152.257,51451.94296,1.72,65.4,8644.0,1.9434076923076922,-0.14230769230769225,50065.9665,2.91,3.1568,1.52,2.0,0.0,315370684.2307692,0.8753846153846154,8.95,-0.68
2012-08-01,142.281,2012.0,8.0,94.16,684.0,98.74387,260.677,2.6912000000000003,16152.257,51451.94296,1.72,65.36666666666667,8549.0,1.999623076923077,0.0030769230769231992,50065.9665,2.91,3.1568,1.52,2.0,0.0,315584123.6923077,0.8761538461538462,8.95,-0.68
2012-09-01,142.909,2012.0,9.0,94.72,652.0,99.06726,261.421,3.0002,16257.151,51686.46633,0.54,65.33333333333333,8454.0,2.0558384615384613,0.14846153846153864,50065.9665,2.91,3.1568,1.52,2.0,0.0,315797563.15384614,0.8769230769230769,8.95,-0.68
2012-10-01,143.602,2012.0,10.0,89.57,730.0,99.29917,262.707,3.3092,16257.151,51686.46633,0.54,65.3,8359.0,2.112053846153846,0.2938461538461541,50065.9665,2.91,3.1568,1.52,2.0,0.0,316011002.61538464,0.8776923076923077,8.95,-0.68
2012-11-01,144.586,2012.0,11.0,86.66,668.0,99.21085,263.365,3.2344500000000003,16257.151,51686.46633,0.54,65.275,8315.0,2.168269230769231,0.4392307692307693,50065.9665,2.91,3.1568,1.52,2.0,0.0,316224442.0769231,0.8784615384615385,8.95,-0.68
2012-12-01,145.503,2012.0,12.0,88.25,677.0,98.86939,264.098,3.1597,16358.863,51910.48627,0.46,65.25,8271.0,2.224484615384615,0.5846153846153848,50065.9665,2.91,3.1568,1.52,2.0,0.0,316437881.53846157,0.8792307692307693,8.95,-0.68
2012-12-31,146.165,2012.5,6.5,91.47,695.5,98.80375000000001,264.399,3.08495,16358.863,51910.48627,0.46,65.225,8227.0,2.2807,0.73,51784.4186,3.43,2.0693,-1.09,2.0,0.0,316651321.0,0.88,8.07,-0.88
2013-01-01,146.827,2013.0,1.0,94.69,714.0,98.73811,264.7,3.0102,16358.863,51910.48627,0.46,65.2,8183.0,2.246946153846154,0.64,51784.4186,3.43,2.0693,-1.09,2.0,0.0,316860847.53846157,0.8784615384615385,8.07,-0.88
2013-02-01,147.783,2013.0,2.0,95.32,729.0,98.84341,265.256,3.2027333333333337,16358.863,51910.48627,0.46,65.16666666666667,7567.0,2.2131923076923075,0.55,51784.4186,3.43,2.0693,-1.09,2.0,0.0,317070374.0769231,0.8769230769230769,8.07,-0.88
2013-03-01,149.963,2013.0,3.0,93.05,816.0,99.01398,265.821,3.3952666666666667,16569.591,52502.70442,3.54,65.13333333333333,6951.0,2.1794384615384614,0.45999999999999996,51784.4186,3.43,2.0693,-1.09,2.0,0.0,317279900.61538464,0.8753846153846154,8.07,-0.88
2013-04-01,151.519,2013.0,4.0,92.07,712.0,99.2309,265.984,3.5878,16569.591,52502.70442,3.54,65.1,6335.0,2.1456846153846154,0.37,51784.4186,3.43,2.0693,-1.09,2.0,0.0,317489427.15384614,0.8738461538461538,8.07,-0.88
2013-05-01,152.849,2013.0,5.0,94.8,708.0,99.57688,266.559,3.7391666666666667,16569.591,52502.70442,3.54,65.13333333333333,6538.666666666667,2.1119307692307694,0.28,51784.4186,3.43,2.0693,-1.09,2.0,0.0,317698953.6923077,0.8723076923076923,8.07,-0.88
2013-06-01,154.19899999999998,2013.0,6.0,95.8,736.0,99.75575,266.905,3.8905333333333334,16637.926,52638.17186,0.49,65.16666666666667,6742.333333333333,2.078176923076923,0.18999999999999995,51784.4186,3.43,2.0693,-1.09,2.0,0.0,317908480.2307692,0.8707692307692307,8.07,-0.88
2013-07-01,155.60399999999998,2013.0,7.0,104.61,784.0,99.71721,267.482,4.0419,16637.926,52638.17186,0.49,65.2,6946.0,2.044423076923077,0.09999999999999998,51784.4186,3.43,2.0693,-1.09,2.0,0.0,318118006.7692308,0.8692307692307693,8.07,-0.88
2013-08-01,156.965,2013.0,8.0,106.57,765.0,99.42997,268.505,3.7903333333333333,16637.926,52638.17186,0.49,65.16666666666667,6992.0,2.010669230769231,0.010000000000000009,51784.4186,3.43,2.0693,-1.09,2.0,0.0,318327533.3076923,0.8676923076923077,8.07,-0.88
2013-09-01,158.227,2013.0,9.0,106.29,776.0,99.04021,269.137,3.5387666666666666,16848.748,53202.31645,3.13,65.13333333333333,7038.0,1.9769153846153846,-0.07999999999999996,51784.4186,3.43,2.0693,-1.09,2.0,0.0,318537059.84615386,0.8661538461538462,8.07,-0.88
2013-10-01,159.24200000000002,2013.0,10.0,100.54,801.0,98.79926,269.96,3.2872,16848.748,53202.31645,3.13,65.1,7084.0,1.9431615384615386,-0.16999999999999993,51784.4186,3.43,2.0693,-1.09,2.0,0.0,318746586.38461536,0.8646153846153846,8.07,-0.88
2013-11-01,160.07399999999998,2013.0,11.0,93.86,839.0,98.90202,270.698,3.3766749999999996,16848.748,53202.31645,3.13,65.05,7117.25,1.9094076923076924,-0.26,51784.4186,3.43,2.0693,-1.09,2.0,0.0,318956112.9230769,0.8630769230769231,8.07,-0.88
2013-12-01,160.993,2013.0,12.0,97.63,778.0,99.21268,271.688,3.46615,17083.137,53836.35556,3.19,65.0,7150.5,1.8756538461538463,-0.3500000000000001,51784.4186,3.43,2.0693,-1.09,2.0,0.0,319165639.46153843,0.8615384615384615,8.07,-0.88
2013-12-31,161.46,2013.5,6.5,96.125,808.0,99.30109,272.0025,3.555625,17083.137,53836.35556,3.19,64.95,7183.75,1.8419,-0.44,53291.1277,2.91,1.4648,-0.6,2.0,0.0,319375166.0,0.86,7.37,-0.7
2014-01-01,161.92700000000002,2014.0,1.0,94.62,838.0,99.3895,272.317,3.6451,17083.137,53836.35556,3.19,64.9,7217.0,1.8762,-0.37153846153846154,53291.1277,2.91,1.4648,-0.6,2.0,0.0,319579688.9230769,0.8576923076923076,7.37,-0.7
2014-02-01,162.52700000000002,2014.0,2.0,100.82,876.0,99.4612,272.733,3.389933333333333,17083.137,53836.35556,3.19,64.86666666666667,7122.333333333333,1.9105,-0.3030769230769231,53291.1277,2.91,1.4648,-0.6,2.0,0.0,319784211.84615386,0.8553846153846154,7.37,-0.7
2014-03-01,163.088,2014.0,3.0,100.8,893.0,99.49419,273.486,3.1347666666666667,17102.932,53810.21778,-1.01,64.83333333333333,7027.666666666667,1.9448,-0.23461538461538461,53291.1277,2.91,1.4648,-0.6,2.0,0.0,319988734.7692308,0.8530769230769231,7.37,-0.7
2014-04-01,163.395,2014.0,4.0,102.07,834.0,99.5689,274.1,2.8796,17102.932,53810.21778,-1.01,64.8,6933.0,1.9791,-0.16615384615384615,53291.1277,2.91,1.4648,-0.6,2.0,0.0,320193257.6923077,0.8507692307692307,7.37,-0.7
2014-05-01,163.662,2014.0,5.0,102.18,891.0,99.55496,274.71,2.2911333333333332,17102.932,53810.21778,-1.01,64.63333333333333,6805.333333333333,2.0134,-0.09769230769230769,53291.1277,2.91,1.4648,-0.6,2.0,0.0,320397780.61538464,0.8484615384615385,7.37,-0.7
2014-06-01,164.062,2014.0,6.0,105.79,800.0,99.52795,275.321,1.7026666666666668,17425.766,54734.3217,5.02,64.46666666666667,6677.666666666667,2.0477,-0.029230769230769227,53291.1277,2.91,1.4648,-0.6,2.0,0.0,320602303.53846157,0.8461538461538461,7.37,-0.7
2014-07-01,164.576,2014.0,7.0,103.59,839.0,99.51957,276.248,1.1142,17425.766,54734.3217,5.02,64.3,6550.0,2.082,0.039230769230769236,53291.1277,2.91,1.4648,-0.6,2.0,0.0,320806826.46153843,0.8438461538461538,7.37,-0.7
2014-08-01,165.21599999999998,2014.0,8.0,96.54,908.0,99.61667,277.048,0.8297666666666668,17425.766,54734.3217,5.02,64.16666666666666,6564.0,2.1163,0.1076923076923077,53291.1277,2.91,1.4648,-0.6,2.0,0.0,321011349.38461536,0.8415384615384615,7.37,-0.7
2014-09-01,165.907,2014.0,9.0,93.21,975.0,99.82575,277.998,0.5453333333333333,17719.836,55546.50809,4.84,64.03333333333333,6578.0,2.1506,0.17615384615384616,53291.1277,2.91,1.4648,-0.6,2.0,0.0,321215872.3076923,0.8392307692307692,7.37,-0.7
2014-10-01,166.643,2014.0,10.0,84.4,920.0,100.1197,278.985,0.2609,17719.836,55546.50809,4.84,63.9,6592.0,2.1849,0.24461538461538462,53291.1277,2.91,1.4648,-0.6,2.0,0.0,321420395.2307692,0.8369230769230769,7.37,-0.7
2014-11-01,167.33700000000002,2014.0,11.0,75.79,863.0,100.4803,280.123,-0.008499999999999952,17719.836,55546.50809,4.84,63.875,6859.75,2.2192,0.3130769230769231,53291.1277,2.91,1.4648,-0.6,2.0,0.0,321624918.15384614,0.8346153846153845,7.37,-0.7
2014-12-01,168.05200000000002,2014.0,12.0,59.29,955.0,100.8803,280.874,-0.2778999999999999,17838.454,55806.0322,1.89,63.849999999999994,7127.5,2.2535,0.38153846153846155,53291.1277,2.91,1.4648,-0.6,2.0,0.0,321829441.0769231,0.8323076923076923,7.37,-0.7
2014-12-31,168.34300000000002,2014.5,6.5,53.254999999999995,954.5,101.015,281.223,-0.5472999999999999,17838.454,55806.0322,1.89,63.824999999999996,7395.25,2.2878,0.45,55123.8498,3.44,1.6222,0.16,2.0,0.0,322033964.0,0.83,6.17,-1.2
2015-01-01,168.634,2015.0,1.0,47.22,954.0,101.1497,281.572,-0.8167,17838.454,55806.0322,1.89,63.8,7663.0,2.32,0.4476923076923077,55123.8498,3.44,1.6222,0.16,2.0,0.0,322231949.53846157,0.8276923076923076,6.17,-1.2
2015-02-01,169.132,2015.0,2.0,50.58,863.0,101.152,282.389,-1.0749333333333333,17838.454,55806.0322,1.89,63.699999999999996,7690.666666666667,2.3522,0.4453846153846154,55123.8498,3.44,1.6222,0.16,2.0,0.0,322429935.0769231,0.8253846153846154,6.17,-1.2
2015-03-01,169.801,2015.0,3.0,47.82,781.0,101.0536,283.13,-1.3331666666666666,17970.422,56130.02995,3.29,63.6,7718.333333333333,2.3844,0.4430769230769231,55123.8498,3.44,1.6222,0.16,2.0,0.0,322627920.61538464,0.823076923076923,6.17,-1.2
2015-04-01,170.299,2015.0,4.0,54.45,1001.0,100.9978,283.598,-1.5914,17970.422,56130.02995,3.29,63.5,7746.0,2.4166,0.44076923076923075,55123.8498,3.44,1.6222,0.16,2.0,0.0,322825906.15384614,0.8207692307692308,6.17,-1.2
2015-05-01,170.882,2015.0,5.0,59.27,1012.0,100.9159,284.245,-1.3693,17970.422,56130.02995,3.29,63.53333333333333,7321.0,2.4488,0.43846153846153846,55123.8498,3.44,1.6222,0.16,2.0,0.0,323023891.6923077,0.8184615384615385,6.17,-1.2
2015-06-01,171.467,2015.0,6.0,59.82,962.0,100.9302,285.031,-1.1472,18221.299,56820.28358,3.3,63.56666666666667,6896.0,2.481,0.43615384615384617,55123.8498,3.44,1.6222,0.16,2.0,0.0,323221877.2307692,0.8161538461538461,6.17,-1.2
2015-07-01,172.12900000000002,2015.0,7.0,50.9,988.0,100.8133,286.09,-0.9251,18221.299,56820.28358,3.3,63.6,6471.0,2.5132,0.4338461538461538,55123.8498,3.44,1.6222,0.16,2.0,0.0,323419862.7692308,0.8138461538461539,6.17,-1.2
2015-08-01,172.938,2015.0,8.0,42.87,974.0,100.6201,287.068,-0.8500666666666666,18221.299,56820.28358,3.3,63.63333333333333,6768.666666666667,2.5454,0.43153846153846154,55123.8498,3.44,1.6222,0.16,2.0,0.0,323617848.3076923,0.8115384615384615,6.17,-1.2
2015-09-01,173.83,2015.0,9.0,45.48,1040.0,100.446,288.306,-0.7750333333333334,18331.093,57050.22486,0.96,63.66666666666667,7066.333333333333,2.5776,0.42923076923076925,55123.8498,3.44,1.6222,0.16,2.0,0.0,323815833.84615386,0.8092307692307692,6.17,-1.2
2015-10-01,174.793,2015.0,10.0,46.22,985.0,100.4758,289.428,-0.7,18331.093,57050.22486,0.96,63.7,7364.0,2.6098,0.4269230769230769,55123.8498,3.44,1.6222,0.16,2.0,0.0,324013819.38461536,0.806923076923077,6.17,-1.2
2015-11-01,175.739,2015.0,11.0,42.44,1000.0,100.5946,290.322,-0.6608999999999999,18331.093,57050.22486,0.96,63.650000000000006,7632.0,2.642,0.4246153846153846,55123.8498,3.44,1.6222,0.16,2.0,0.0,324211804.9230769,0.8046153846153846,6.17,-1.2
2015-12-01,176.545,2015.0,12.0,37.19,1023.0,100.6936,291.204,-0.6217999999999999,18354.372,57010.539,0.4,63.6,7900.0,2.6742,0.4223076923076923,55123.8498,3.44,1.6222,0.16,2.0,0.0,324409790.46153843,0.8023076923076924,6.17,-1.2
2015-12-31,176.9085,2015.5,6.5,34.435,1039.5,100.70025000000001,291.60400000000004,-0.5827,18354.372,57010.539,0.4,63.55,8168.0,2.7064,0.42,56762.7295,2.97,0.1186,-1.5,2.2,0.2,324607776.0,0.8,5.28,-0.89
2016-01-01,177.27200000000002,2016.0,1.0,31.68,1056.0,100.7069,292.004,-0.5436,18354.372,57010.539,0.4,63.5,8436.0,2.6264846153846153,0.3076923076923077,56762.7295,2.97,0.1186,-1.5,2.2,0.2,324807962.3076923,0.8,5.28,-0.89
2016-02-01,177.65200000000002,2016.0,2.0,30.32,1037.0,100.6688,292.777,-0.07146666666666668,18354.372,57010.539,0.4,63.36666666666667,8331.666666666666,2.5465692307692307,0.19538461538461538,56762.7295,2.97,0.1186,-1.5,2.2,0.2,325008148.61538464,0.8,5.28,-0.89
2016-03-01,178.168,2016.0,3.0,37.55,1003.0,100.6282,293.489,0.4006666666666666,18409.13,57086.82197,1.54,63.233333333333334,8227.333333333334,2.466653846153846,0.0830769230769231,56762.7295,2.97,0.1186,-1.5,2.2,0.2,325208334.9230769,0.8,5.28,-0.89
2016-04-01,178.768,2016.0,4.0,40.75,945.0,100.6507,294.175,0.8728,18409.13,57086.82197,1.54,63.1,8123.0,2.3867384615384615,-0.029230769230769227,56762.7295,2.97,0.1186,-1.5,2.2,0.2,325408521.2307692,0.8,5.28,-0.89
2016-05-01,179.43099999999998,2016.0,5.0,46.71,1000.0,100.7755,295.036,1.1346666666666667,18409.13,57086.82197,1.54,63.2,7708.666666666667,2.306823076923077,-0.14153846153846156,56762.7295,2.97,0.1186,-1.5,2.2,0.2,325608707.53846157,0.8,5.28,-0.89
2016-06-01,180.079,2016.0,6.0,48.76,1109.0,100.753,295.902,1.3965333333333334,18640.732,57711.60193,2.26,63.3,7294.333333333333,2.2269076923076923,-0.2538461538461538,56762.7295,2.97,0.1186,-1.5,2.2,0.2,325808893.84615386,0.8,5.28,-0.89
2016-07-01,180.829,2016.0,7.0,44.65,1072.0,100.6035,296.862,1.6584,18640.732,57711.60193,2.26,63.4,6880.0,2.1469923076923076,-0.3661538461538461,56762.7295,2.97,0.1186,-1.5,2.2,0.2,326009080.15384614,0.8,5.28,-0.89
2016-08-01,181.854,2016.0,8.0,44.72,1054.0,100.4955,297.916,2.0218333333333334,18640.732,57711.60193,2.26,63.43333333333333,7390.333333333333,2.067076923076923,-0.47846153846153844,56762.7295,2.97,0.1186,-1.5,2.2,0.2,326209266.46153843,0.8,5.28,-0.89
2016-09-01,182.827,2016.0,9.0,45.18,1035.0,100.4759,298.962,2.3852666666666664,18799.648,58094.25042,1.91,63.46666666666667,7900.666666666667,1.9871615384615384,-0.5907692307692307,56762.7295,2.97,0.1186,-1.5,2.2,0.2,326409452.7692308,0.8,5.28,-0.89
2016-10-01,183.756,2016.0,10.0,49.78,1070.0,100.5543,300.4,2.7487,18799.648,58094.25042,1.91,63.5,8411.0,1.9072461538461538,-0.7030769230769232,56762.7295,2.97,0.1186,-1.5,2.2,0.2,326609639.0769231,0.8,5.28,-0.89
2016-11-01,184.765,2016.0,11.0,45.66,1244.0,100.8899,301.587,2.767825,18799.648,58094.25042,1.91,63.525,8302.5,1.8273307692307692,-0.8153846153846154,56762.7295,2.97,0.1186,-1.5,2.2,0.2,326809825.38461536,0.8,5.28,-0.89
2016-12-01,185.726,2016.0,12.0,51.97,1101.0,101.2339,302.735,2.78695,18979.245,58544.12731,1.75,63.55,8194.0,1.7474153846153846,-0.9276923076923076,56762.7295,2.97,0.1186,-1.5,2.2,0.2,327010011.6923077,0.8,5.28,-0.89
2016-12-31,186.263,2016.5,6.5,52.235,1091.0,101.30945,303.101,2.806075,18979.245,58544.12731,1.75,63.575,8085.5,1.6675,-1.04,57866.7449,1.94,1.2616,1.14,2.0,-0.2,327210198.0,0.8,4.87,-0.41
2017-01-01,186.8,2017.0,1.0,52.5,1081.0,101.385,303.467,2.8252,18979.245,58544.12731,1.75,63.6,7977.0,1.7116846153846152,-0.9161538461538462,57866.7449,1.94,1.2616,1.14,2.0,-0.2,327408739.0,0.7992307692307693,4.87,-0.41
2017-02-01,187.314,2017.0,2.0,53.47,1148.0,101.3725,304.211,2.8714666666666666,18979.245,58544.12731,1.75,63.7,7536.666666666667,1.7558692307692307,-0.7923076923076924,57866.7449,1.94,1.2616,1.14,2.0,-0.2,327607280.0,0.7984615384615386,4.87,-0.41
2017-03-01,187.992,2017.0,3.0,49.33,1147.0,101.3413,304.868,2.9177333333333335,19162.55,59025.6216,1.77,63.8,7096.333333333333,1.800053846153846,-0.6684615384615384,57866.7449,1.94,1.2616,1.14,2.0,-0.2,327805821.0,0.7976923076923077,4.87,-0.41
2017-04-01,188.727,2017.0,4.0,51.06,1069.0,101.3009,305.477,2.964,19162.55,59025.6216,1.77,63.9,6656.0,1.8442384615384615,-0.5446153846153847,57866.7449,1.94,1.2616,1.14,2.0,-0.2,328004362.0,0.796923076923077,4.87,-0.41
2017-05-01,189.622,2017.0,5.0,48.48,1170.0,101.2283,306.379,2.7786333333333335,19162.55,59025.6216,1.77,63.9,6844.666666666667,1.8884230769230768,-0.4207692307692308,57866.7449,1.94,1.2616,1.14,2.0,-0.2,328202903.0,0.7961538461538462,4.87,-0.41
2017-06-01,190.512,2017.0,6.0,45.18,1236.0,101.1205,307.314,2.5932666666666666,19359.123,59546.92763,2.96,63.9,7033.333333333333,1.9326076923076922,-0.29692307692307696,57866.7449,1.94,1.2616,1.14,2.0,-0.2,328401444.0,0.7953846153846155,4.87,-0.41
2017-07-01,191.454,2017.0,7.0,46.63,1173.0,101.0787,308.173,2.4079,19359.123,59546.92763,2.96,63.9,7222.0,1.9767923076923075,-0.17307692307692313,57866.7449,1.94,1.2616,1.14,2.0,-0.2,328599985.0,0.7946153846153846,4.87,-0.41
2017-08-01,192.675,2017.0,8.0,48.04,1107.0,101.177,309.479,2.0852666666666666,19359.123,59546.92763,2.96,63.93333333333333,8219.333333333334,2.020976923076923,-0.0492307692307693,57866.7449,1.94,1.2616,1.14,2.0,-0.2,328798526.0,0.7938461538461539,4.87,-0.41
2017-09-01,193.774,2017.0,9.0,49.82,1113.0,101.3001,310.268,1.7626333333333335,19588.074,60147.55563,2.79,63.96666666666667,9216.666666666666,2.0651615384615383,0.07461538461538453,57866.7449,1.94,1.2616,1.14,2.0,-0.2,328997067.0,0.7930769230769231,4.87,-0.41
2017-10-01,194.82,2017.0,10.0,51.58,1196.0,101.4526,311.501,1.44,19588.074,60147.55563,2.79,64.0,10214.0,2.1093461538461535,0.19846153846153847,57866.7449,1.94,1.2616,1.14,2.0,-0.2,329195608.0,0.7923076923076924,4.87,-0.41
2017-11-01,195.96400000000003,2017.0,11.0,56.64,1182.0,101.4322,312.67,1.4611,19588.074,60147.55563,2.79,64.05,10447.25,2.1535307692307692,0.3223076923076922,57866.7449,1.94,1.2616,1.14,2.0,-0.2,329394149.0,0.7915384615384615,4.87,-0.41
2017-12-01,197.17,2017.0,12.0,57.88,1200.0,101.348,313.904,1.4822,19831.829,60793.17818,2.27,64.1,10680.5,2.1977153846153845,0.4461538461538461,57866.7449,1.94,1.2616,1.14,2.0,-0.2,329592690.0,0.7907692307692308,4.87,-0.41
2017-12-31,197.732,2017.5,6.5,60.790000000000006,1204.0,101.36295,314.346,1.5032999999999999,19831.829,60793.17818,2.27,64.15,10913.75,2.2419,0.57,59907.7543,3.53,2.1301,0.87,2.0,0.0,329791231.0,0.79,4.36,-0.51
2018-01-01,198.294,2018.0,1.0,63.7,1208.0,101.3779,314.788,1.5244,19831.829,60793.17818,2.27,64.2,11147.0,2.2960153846153846,0.58,59907.7543,3.53,2.1301,0.87,2.0,0.0,329971908.38461536,0.7838461538461539,4.36,-0.51
2018-02-01,199.211,2018.0,2.0,62.23,1288.0,101.5403,315.277,1.4304,19831.829,60793.17818,2.27,64.3,10455.333333333334,2.350130769230769,0.59,59907.7543,3.53,2.1301,0.87,2.0,0.0,330152585.7692308,0.7776923076923077,4.36,-0.51
2018-03-01,199.952,2018.0,3.0,62.73,1181.0,101.6413,315.883,1.3364,20041.047,61349.51786,2.2,64.4,9763.666666666666,2.4042461538461537,0.6,59907.7543,3.53,2.1301,0.87,2.0,0.0,330333263.15384614,0.7715384615384615,4.36,-0.51
2018-04-01,200.655,2018.0,4.0,66.25,1224.0,101.5905,316.763,1.2424,20041.047,61349.51786,2.2,64.5,9072.0,2.458361538461538,0.61,59907.7543,3.53,2.1301,0.87,2.0,0.0,330513940.53846157,0.7653846153846154,4.36,-0.51
2018-05-01,201.433,2018.0,5.0,69.98,1262.0,101.5049,317.49,1.3777,20041.047,61349.51786,2.2,64.46666666666667,9066.0,2.512476923076923,0.62,59907.7543,3.53,2.1301,0.87,2.0,0.0,330694617.9230769,0.7592307692307693,4.36,-0.51
2018-06-01,202.243,2018.0,6.0,67.87,1212.0,101.447,318.318,1.5130000000000001,20411.924,62395.45391,4.1,64.43333333333334,9060.0,2.5665923076923076,0.6299999999999999,59907.7543,3.53,2.1301,0.87,2.0,0.0,330875295.3076923,0.7530769230769231,4.36,-0.51
2018-07-01,202.926,2018.0,7.0,70.98,1150.0,101.4156,319.351,1.6483,20411.924,62395.45391,4.1,64.4,9054.0,2.620707692307692,0.6399999999999999,59907.7543,3.53,2.1301,0.87,2.0,0.0,331055972.6923077,0.7469230769230769,4.36,-0.51
2018-08-01,203.71400000000003,2018.0,8.0,68.06,1262.0,101.4269,320.651,1.8394333333333333,20411.924,62395.45391,4.1,64.46666666666667,9293.666666666666,2.6748230769230767,0.6499999999999999,59907.7543,3.53,2.1301,0.87,2.0,0.0,331236650.0769231,0.7407692307692307,4.36,-0.51
2018-09-01,204.389,2018.0,9.0,70.23,1187.0,101.5099,321.533,2.0305666666666666,20658.204,63040.56491,3.31,64.53333333333333,9533.333333333334,2.728938461538461,0.6599999999999999,59907.7543,3.53,2.1301,0.87,2.0,0.0,331417327.46153843,0.7346153846153846,4.36,-0.51
2018-10-01,205.159,2018.0,10.0,70.75,1122.0,101.4922,322.628,2.2217,20658.204,63040.56491,3.31,64.6,9773.0,2.783053846153846,0.6699999999999999,59907.7543,3.53,2.1301,0.87,2.0,0.0,331598004.84615386,0.7284615384615385,4.36,-0.51
2018-11-01,205.692,2018.0,11.0,56.96,1131.0,101.3834,323.968,2.3034,20658.204,63040.56491,3.31,64.5,10032.25,2.8371692307692307,0.6799999999999999,59907.7543,3.53,2.1301,0.87,2.0,0.0,331778682.2307692,0.7223076923076923,4.36,-0.51
2018-12-01,206.149,2018.0,12.0,49.52,1053.0,101.2136,324.815,2.3851,20891.367,63647.20309,2.56,64.4,10291.5,2.891284615384615,0.69,59907.7543,3.53,2.1301,0.87,2.0,0.0,331959359.61538464,0.7161538461538461,4.36,-0.51
2018-12-31,206.322,2018.5,6.5,50.45,1155.5,101.112,325.206,2.4668,20891.367,63647.20309,2.56,64.3,10550.75,2.9454,0.7,62823.3094,4.87,2.4426,0.31,1.7,-0.3,332140037.0,0.71,3.9,-0.46
2019-01-01,206.495,2019.0,1.0,51.38,1258.0,101.0104,325.597,2.5485,20891.367,63647.20309,2.56,64.2,10810.0,2.8953230769230767,0.5961538461538461,62823.3094,4.87,2.4426,0.31,1.7,-0.3,332307701.15384614,0.7061538461538461,3.9,-0.46
2019-02-01,206.792,2019.0,2.0,54.95,1334.0,101.0643,326.351,2.2914333333333334,20891.367,63647.20309,2.56,64.23333333333333,10435.333333333334,2.8452461538461535,0.4923076923076922,62823.3094,4.87,2.4426,0.31,1.7,-0.3,332475365.3076923,0.7023076923076923,3.9,-0.46
2019-03-01,207.017,2019.0,3.0,58.15,1301.0,101.2813,327.513,2.0343666666666667,20891.367,63647.20309,2.56,64.26666666666667,10060.666666666666,2.795169230769231,0.3884615384615384,62823.3094,4.87,2.4426,0.31,1.7,-0.3,332643029.46153843,0.6984615384615385,3.9,-0.46
2019-04-01,207.51,2019.0,4.0,63.86,1329.0,101.4403,328.678,1.7773,20891.367,63647.20309,2.56,64.3,9686.0,2.7450923076923077,0.28461538461538455,62823.3094,4.87,2.4426,0.31,1.7,-0.3,332810693.61538464,0.6946153846153846,3.9,-0.46
2019-05-01,208.157,2019.0,5.0,60.83,1226.0,101.5278,329.333,1.6766666666666667,20891.367,63647.20309,2.56,64.43333333333334,9389.333333333334,2.6950153846153846,0.18076923076923068,62823.3094,4.87,2.4426,0.31,1.7,-0.3,332978357.7692308,0.6907692307692308,3.9,-0.46
2019-06-01,208.677,2019.0,6.0,54.66,1169.0,101.4345,330.648,1.5760333333333334,20891.367,63647.20309,2.56,64.56666666666666,9092.666666666666,2.6449384615384615,0.07692307692307687,62823.3094,4.87,2.4426,0.31,1.7,-0.3,333146021.9230769,0.686923076923077,3.9,-0.46
2019-07-01,209.319,2019.0,7.0,57.35,1219.0,101.2037,331.605,1.4754,20891.367,63647.20309,2.56,64.7,8796.0,2.5948615384615383,-0.02692307692307705,62823.3094,4.87,2.4426,0.31,1.7,-0.3,333313686.0769231,0.683076923076923,3.9,-0.46
2019-08-01,210.145,2019.0,8.0,54.81,1294.0,100.9091,332.638,1.1309,20891.367,63647.20309,2.56,64.8,9124.666666666666,2.544784615384615,-0.13076923076923086,62823.3094,4.87,2.4426,0.31,1.7,-0.3,333481350.2307692,0.6792307692307692,3.9,-0.46
2019-09-01,210.97,2019.0,9.0,56.95,1150.0,100.9091,333.834,0.7864,20891.367,63647.20309,2.56,64.9,9453.333333333334,2.494707692307692,-0.23461538461538467,62823.3094,4.87,2.4426,0.31,1.7,-0.3,333649014.38461536,0.6753846153846154,3.9,-0.46
2019-10-01,211.874,2019.0,10.0,53.96,1294.0,101.1109,334.68,0.4419,20891.367,63647.20309,2.56,65.0,9782.0,2.444630769230769,-0.3384615384615386,62823.3094,4.87,2.4426,0.31,1.7,-0.3,333816678.53846157,0.6715384615384615,3.9,-0.46
2019-11-01,212.819,2019.0,11.0,57.03,1244.0,101.3782,335.819,0.34887500000000005,20891.367,63647.20309,2.56,65.075,10444.75,2.3945538461538463,-0.4423076923076925,62823.3094,4.87,2.4426,0.31,1.7,-0.3,333984342.6923077,0.6676923076923077,3.9,-0.46
2019-12-01,213.906,2019.0,12.0,59.88,1310.0,101.6049,336.789,0.25585,20891.367,63647.20309,2.56,65.15,11107.5,2.344476923076923,-0.5461538461538462,62823.3094,4.87,2.4426,0.31,1.7,-0.3,334152006.84615386,0.6638461538461539,3.9,-0.46
2019-12-31,214.405,2019.5,6.5,58.7,1306.0,101.60405,337.307,0.16282500000000005,20891.367,63647.20309,2.56,65.225,11770.25,2.2944,-0.65,65120.3947,3.66,1.8122,-0.63,1.7,0.0,334319671.0,0.66,3.67,-0.23
2020-01-01,214.904,2020.0,1.0,57.52,1302.0,101.6032,337.825,0.0698,20891.367,63647.20309,2.56,65.3,12433.0,1.905,-0.9892307692307691,65120.3947,3.66,1.8122,-0.63,1.7,0.0,334444465.7692308,0.6469230769230769,3.67,-0.23
2020-02-01,215.721,2020.0,2.0,50.54,1271.0,101.1774,338.616,0.4369333333333333,20891.367,63647.20309,2.56,66.2,12524.333333333334,1.5156,-1.3284615384615384,65120.3947,3.66,1.8122,-0.63,1.7,0.0,334569260.53846157,0.6338461538461538,3.67,-0.23
2020-03-01,216.314,2020.0,3.0,29.21,1247.0,100.1846,339.519,0.8040666666666666,20891.367,63647.20309,2.56,67.1,12615.666666666666,1.1262,-1.6676923076923074,65120.3947,3.66,1.8122,-0.63,1.7,0.0,334694055.3076923,0.6207692307692307,3.67,-0.23
2020-04-01,216.80900000000003,2020.0,4.0,16.55,1207.0,99.10469,340.135,1.1712,20891.367,63647.20309,2.56,68.0,12707.0,0.7368000000000001,-2.006923076923077,65120.3947,3.66,1.8122,-0.63,1.7,0.0,334818850.0769231,0.6076923076923078,3.67,-0.23
2020-05-01,217.015,2020.0,5.0,28.56,1171.0,98.60725,340.811,1.1193666666666666,20891.367,63647.20309,2.56,67.76666666666667,11595.0,0.34740000000000015,-2.346153846153846,65120.3947,3.66,1.8122,-0.63,1.7,0.0,334943644.84615386,0.5946153846153847,3.67,-0.23
2020-06-01,217.657,2020.0,6.0,38.31,1244.0,98.55772,341.294,1.0675333333333334,20891.367,63647.20309,2.56,67.53333333333333,10483.0,-0.041999999999999815,-2.685384615384615,65120.3947,3.66,1.8122,-0.63,1.7,0.0,335068439.61538464,0.5815384615384616,3.67,-0.23
2020-07-01,219.448,2020.0,7.0,40.71,1314.0,98.57493,341.95,1.0157,20891.367,63647.20309,2.56,67.3,9371.0,-0.43139999999999956,-3.0246153846153843,65120.3947,3.66,1.8122,-0.63,1.7,0.0,335193234.38461536,0.5684615384615385,3.67,-0.23
2020-08-01,222.484,2020.0,8.0,42.34,1238.0,98.77569,342.444,1.4107333333333334,20891.367,63647.20309,2.56,66.76666666666667,9752.666666666666,-0.8207999999999998,-3.3638461538461533,65120.3947,3.66,1.8122,-0.63,1.7,0.0,335318029.15384614,0.5553846153846154,3.67,-0.23
2020-09-01,225.937,2020.0,9.0,39.63,1446.0,99.08648,342.91,1.8057666666666667,20891.367,63647.20309,2.56,66.23333333333333,10134.333333333334,-1.2102,-3.7030769230769223,65120.3947,3.66,1.8122,-0.63,1.7,0.0,335442823.9230769,0.5423076923076923,3.67,-0.23
2020-10-01,229.888,2020.0,10.0,39.4,1370.0,99.23444,343.615,2.2008,20891.367,63647.20309,2.56,65.7,10516.0,-1.5995999999999997,-4.042307692307692,65120.3947,3.66,1.8122,-0.63,1.7,0.0,335567618.6923077,0.5292307692307692,3.67,-0.23
2020-11-01,233.253,2020.0,11.0,40.94,1240.0,99.19157,344.039,2.266125,20891.367,63647.20309,2.56,65.675,10925.5,-1.9889999999999994,-4.381538461538461,65120.3947,3.66,1.8122,-0.63,1.7,0.0,335692413.46153843,0.5161538461538462,3.67,-0.23
2020-12-01,236.433,2020.0,12.0,47.02,1386.0,99.19461,344.455,2.3314500000000002,20891.367,63647.20309,2.56,65.65,11335.0,-2.3783999999999996,-4.72076923076923,65120.3947,3.66,1.8122,-0.63,1.7,0.0,335817208.2307692,0.5030769230769231,3.67,-0.23
2020-12-31,237.923,2020.5,6.5,49.510000000000005,1365.0,99.19763499999999,344.6065,2.396775,20891.367,63647.20309,2.56,65.625,11744.5,-2.7678,-5.06,63528.6343,-2.44,1.2336,-0.58,1.2,-0.5,335942003.0,0.49,8.05,4.38
2021-01-01,239.413,2021.0,1.0,52.0,1344.0,99.20066,344.758,2.4621,20891.367,63647.20309,2.56,65.6,12154.0,-2.0975461538461535,-4.00076923076923,63528.6343,-2.44,1.2336,-0.58,1.2,-0.5,336023204.61538464,0.47615384615384615,8.05,4.38
2021-02-01,242.123,2021.0,2.0,59.04,1322.0,99.33952,345.242,2.2813333333333334,20891.367,63647.20309,2.56,65.56666666666666,11288.333333333334,-1.4272923076923074,-2.941538461538461,63528.6343,-2.44,1.2336,-0.58,1.2,-0.5,336104406.2307692,0.4623076923076923,8.05,4.38
2021-03-01,245.325,2021.0,3.0,62.33,1459.0,99.70392,345.717,2.1005666666666665,20891.367,63647.20309,2.56,65.53333333333333,10422.666666666666,-0.7570384615384613,-1.882307692307692,63528.6343,-2.44,1.2336,-0.58,1.2,-0.5,336185607.84615386,0.44846153846153847,8.05,4.38
2021-04-01,249.077,2021.0,4.0,61.72,1438.0,99.94697,346.267,1.9198,20891.367,63647.20309,2.56,65.5,9557.0,-0.08678461538461502,-0.8230769230769228,63528.6343,-2.44,1.2336,-0.58,1.2,-0.5,336266809.46153843,0.4346153846153846,8.05,4.38
2021-05-01,253.474,2021.0,5.0,65.17,1337.0,99.88856,347.016,2.0235666666666665,20891.367,63647.20309,2.56,65.46666666666667,9290.0,0.5834692307692313,0.23615384615384638,63528.6343,-2.44,1.2336,-0.58,1.2,-0.5,336348011.0769231,0.4207692307692308,8.05,4.38
2021-06-01,258.423,2021.0,6.0,71.38,1298.0,99.67976,347.833,2.1273333333333335,20891.367,63647.20309,2.56,65.43333333333334,9023.0,1.2537230769230772,1.2953846153846156,63528.6343,-2.44,1.2336,-0.58,1.2,-0.5,336429212.6923077,0.40692307692307694,8.05,4.38
2021-07-01,262.956,2021.0,7.0,72.49,1361.0,99.21407,348.469,2.2311,20891.367,63647.20309,2.56,65.4,8756.0,1.9239769230769235,2.3546153846153848,63528.6343,-2.44,1.2336,-0.58,1.2,-0.5,336510414.3076923,0.3930769230769231,8.05,4.38
2021-08-01,267.005,2021.0,8.0,67.73,1312.0,98.64783,349.71,2.0495666666666668,20891.367,63647.20309,2.56,65.43333333333334,9260.333333333334,2.59423076923077,3.413846153846154,63528.6343,-2.44,1.2336,-0.58,1.2,-0.5,336591615.9230769,0.37923076923076926,8.05,4.38
2021-09-01,270.523,2021.0,9.0,71.65,1232.0,98.35056,351.255,1.8680333333333334,20891.367,63647.20309,2.56,65.46666666666667,9764.666666666666,3.264484615384616,4.473076923076923,63528.6343,-2.44,1.2336,-0.58,1.2,-0.5,336672817.53846157,0.3653846153846154,8.05,4.38
2021-10-01,273.931,2021.0,10.0,81.48,1259.0,98.16487,352.892,1.6865,20891.367,63647.20309,2.56,65.5,10269.0,3.9347384615384624,5.532307692307692,63528.6343,-2.44,1.2336,-0.58,1.2,-0.5,336754019.15384614,0.3515384615384616,8.05,4.38
2021-11-01,277.284,2021.0,11.0,79.15,1389.0,98.00336,354.526,1.659875,20891.367,63647.20309,2.56,65.475,10520.0,4.604992307692308,6.591538461538462,63528.6343,-2.44,1.2336,-0.58,1.2,-0.5,336835220.7692308,0.33769230769230774,8.05,4.38
2021-12-01,281.266,2021.0,12.0,71.71,1337.0,97.90244,355.931,1.63325,20891.367,63647.20309,2.56,65.45,10771.0,5.275246153846155,7.650769230769231,63528.6343,-2.44,1.2336,-0.58,1.2,-0.5,336916422.38461536,0.32384615384615384,8.05,4.38
2021-12-31,283.487,2021.5,6.5,77.465,1296.5,97.785485,356.834,1.6066250000000002,20891.367,63647.20309,2.56,65.42500000000001,11022.0,5.9455,8.71,70219.4725,10.53,4.6979,3.46,1.2,-0.5,336997624.0,0.31,5.35,-2.7
2022-01-01,285.708,2022.0,1.0,83.22,1256.0,97.66853,357.737,1.58,20891.367,63647.20309,2.56,65.4,11273.0,5.646738461538462,7.741538461538463,70219.4725,10.53,4.6979,3.46,1.2,-0.5,337097026.53846157,0.3153846153846154,5.35,-2.7
2022-02-01,290.795,2022.0,2.0,91.64,1371.0,97.36251,359.627,0.9886,20891.367,63647.20309,2.56,65.56666666666668,10418.666666666666,5.347976923076923,6.773076923076924,70219.4725,10.53,4.6979,3.46,1.2,-0.5,337196429.0769231,0.32076923076923075,5.35,-2.7
2022-03-01,296.271,2022.0,3.0,108.5,1356.0,97.12611,361.083,0.3972,20891.367,63647.20309,2.56,65.73333333333333,9564.333333333334,5.049215384615385,5.804615384615385,70219.4725,10.53,4.6979,3.46,1.2,-0.5,337295831.61538464,0.3261538461538461,5.35,-2.7
2022-04-01,300.625,2022.0,4.0,101.78,1361.0,96.96062,362.951,-0.1942,20891.367,63647.20309,2.56,65.9,8710.0,4.750453846153846,4.836153846153847,70219.4725,10.53,4.6979,3.46,1.2,-0.5,337395234.15384614,0.33153846153846156,5.35,-2.7
2022-05-01,303.904,2022.0,5.0,109.55,1446.0,96.55582,365.116,-0.36293333333333333,20891.367,63647.20309,2.56,65.93333333333334,8541.0,4.451692307692308,3.867692307692309,70219.4725,10.53,4.6979,3.46,1.2,-0.5,337494636.6923077,0.33692307692307694,5.35,-2.7
2022-06-01,304.817,2022.0,6.0,114.84,1392.0,96.15061,367.927,-0.5316666666666666,20891.367,63647.20309,2.56,65.96666666666667,8372.0,4.152930769230769,2.89923076923077,70219.4725,10.53,4.6979,3.46,1.2,-0.5,337594039.2307692,0.3423076923076923,5.35,-2.7
2022-07-01,304.108,2022.0,7.0,101.62,1396.0,96.12276,370.448,-0.7004,20891.367,63647.20309,2.56,66.0,8203.0,3.8541692307692306,1.930769230769231,70219.4725,10.53,4.6979,3.46,1.2,-0.5,337693441.7692308,0.3476923076923077,5.35,-2.7
2022-08-01,301.638,2022.0,8.0,93.67,1355.0,96.3875,373.283,-0.9091,20891.367,63647.20309,2.56,65.96666666666667,8970.0,3.5554076923076923,0.962307692307693,70219.4725,10.53,4.6979,3.46,1.2,-0.5,337792844.3076923,0.35307692307692307,5.35,-2.7
2022-09-01,299.443,2022.0,9.0,84.26,1438.0,96.60509,376.569,-1.1178,20891.367,63647.20309,2.56,65.93333333333334,9737.0,3.256646153846154,-0.006153846153845066,70219.4725,10.53,4.6979,3.46,1.2,-0.5,337892246.84615386,0.35846153846153844,5.35,-2.7
2022-10-01,299.017,2022.0,10.0,87.55,1348.0,96.71907,379.436,-1.3265,20891.367,63647.20309,2.56,65.9,10504.0,2.9578846153846152,-0.9746153846153831,70219.4725,10.53,4.6979,3.46,1.2,-0.5,337991649.38461536,0.3638461538461538,5.35,-2.7
2022-11-01,298.232,2022.0,11.0,84.37,1543.0,96.78661,382.562,-1.3265,20891.367,63647.20309,2.56,65.9,10504.0,2.659123076923077,-1.943076923076923,70219.4725,10.53,4.6979,3.46,1.2,-0.5,338091051.9230769,0.36923076923076925,5.35,-2.7
2022-12-01,297.189,2022.0,12.0,76.44,1390.0,97.00834,385.649,-1.3265,20891.367,63647.20309,2.56,65.9,10504.0,2.3603615384615386,-2.911538461538461,70219.4725,10.53,4.6979,3.46,1.2,-0.5,338190454.46153843,0.37461538461538463,5.35,-2.7
2022-12-31,297.189,2022.0,12.0,76.44,1390.0,97.00834,385.649,-1.3265,20891.367,63647.20309,2.56,65.9,10504.0,2.0616,-3.88,76398.5917,8.8,8.0028,3.3,1.2,-0.5,338289857.0,0.38,3.611,-1.74
